dataset,subband,n_paired_samples,AC_pixel_mean,AC_pixel_std,AC_latent_pool_mean,AC_latent_pool_std,AC_latent_meanC_mean,AC_latent_meanC_std,AC_pixel_latent_paired_r,LFE_pixel,LFE_latent_pool,HFE_pixel,HFE_latent_pool,slope_pixel,slope_latent_pool,PSD_shape_corr_r
CIKM,GT,200,0.9587163768386341,0.02346525014666092,0.561593724405925,0.27920492057765006,0.561593724405925,0.07194384155154375,0.6916407488421434,0.9992742823800222,0.9863007647149341,5.334654739215139e-05,0.0030960397032889133,-2.841956168056362,-1.6598420887905672,0.9830574541784315
CIKM,LL,200,0.938600771523125,0.03615714447482562,0.573034751769841,0.2045715590051099,0.573034751769841,0.07526610933212727,0.8035451345101765,0.997815781834419,0.9713611119342122,7.666217929719372e-05,0.0014765825536784943,-3.318423995039976,-1.8537860721169124,0.9903201205919349
CIKM,LH,200,0.22161401514245488,0.10890149186576102,0.16204119299078584,0.17486802705078958,0.16204119299078584,0.12765955363228998,0.8187604526089518,0.6098508812059413,0.39055485474220264,0.07702153517132246,0.16380255418204828,-0.7750368386457933,-0.34308951722353515,0.5443398182215504
CIKM,HL,200,0.23330574271005894,0.1045579353221877,0.08790561518300652,0.19992005715776484,0.08790561518300652,0.0888544994509648,0.9410027592004573,0.6412277035543351,0.34886723370262934,0.07010153416300029,0.19770411160470416,-0.8053410774656031,-0.12470107597398751,0.7078830052192235
CIKM,HH,200,-0.06442158293845825,0.03285331239547613,-0.04950635279615021,0.11791440861145555,-0.04950635279615021,0.03923152693352285,-0.013688235373626775,0.23124085812136969,0.2163669658077117,0.35444439931237753,0.3252680277410995,0.16521960521092247,0.1742560942014846,0.4391463371141451
Meteonet,GT,200,0.8947963856909769,0.06025931711390821,0.5624952379153367,0.21756479179529273,0.5624952379153367,0.12887148042517657,0.939648158370252,0.9948813098766209,0.9718901676393967,7.599626535905035e-05,0.006396930811914432,-3.331957149990706,-1.4736620834794842,0.9430463978162501
Meteonet,LL,200,0.7909958044533503,0.11266542542608585,0.5907916430700932,0.19295191510790025,0.5907916430700934,0.1147904122319857,0.8759001409238153,0.9842704927529558,0.9647178511837015,0.0009700119316231296,0.003843987291993871,-2.50467914972271,-1.7845265576739262,0.9915151089940825
Meteonet,LH,200,-0.13455973824741008,0.042260150008128765,-0.024524147211127695,0.07607423262278612,-0.024524147211127695,0.04122923364791022,0.2845836983987877,0.11035882102730207,0.21063751306871242,0.35863650998201974,0.2857164051322992,0.7048209359005313,0.18458886924437853,0.8106488106282198
Meteonet,HL,200,-0.158531047560382,0.03846065399089719,-0.028141521108463588,0.07321701522873299,-0.028141521108463595,0.04490261389369121,0.41838854947797377,0.0988122733936747,0.21378817512708662,0.3811931674018727,0.28481075557728835,0.8090789684952202,0.16930195107428087,0.788090432549826
Meteonet,HH,200,-0.4113841845639054,0.03373661753208788,-0.08787503611070197,0.0862004664552216,-0.08787503611070199,0.04709403418692263,-0.06763918546937564,0.039024671133654244,0.16841317938102607,0.7180568110024654,0.3657519654295859,1.3331749550301282,0.35981525903264894,0.7976076040270557
Shanghai,GT,154,0.9466737071299234,0.027351266781921145,0.6524886660916378,0.16598557723862833,0.6524886660916378,0.07209613667718458,0.8213042360576845,0.9984054964075496,0.9749229153882545,1.602016615883081e-05,0.005606072681481902,-3.7201477189591343,-1.61049915511972,0.9454234393280974
Shanghai,LL,154,0.879748674235009,0.05874983513866786,0.6737952584023813,0.10967291877773205,0.6737952584023813,0.06429619155360072,0.668304996824827,0.9933512765732638,0.9545583556090735,0.000298781109604277,0.004194862957725294,-2.845722263105997,-2.063724328571795,0.986737757538747
Shanghai,LH,154,-0.11472179697470147,0.04506932053385212,-0.04316164721294381,0.08566749497309348,-0.04316164721294382,0.045071788306785404,0.3312791789501302,0.1062708842749685,0.21553622978494594,0.3095291054985297,0.28873958705238223,0.7171223362174581,0.21047083527955132,0.9864935980776457
Shanghai,HL,154,-0.18190659935858922,0.029731194700064807,-0.0417601620195545,0.07519374452710344,-0.04176016201955449,0.04037864807039636,0.10663778659465648,0.08240664877433465,0.21554594557898163,0.41498556495815747,0.3032260736847567,0.9413104209549399,0.1963192223091303,0.9022286423111315
Shanghai,HH,154,-0.44576325210337436,0.037178434706452,-0.0624903143712743,0.08439755890976033,-0.062490314371274315,0.04364864299173354,0.06547638032537331,0.03348356204120016,0.19483605665698603,0.7512803322863854,0.334391398093629,1.4358006970408248,0.25540338621404,0.7920539789094677
SEVIR_Storm,GT,141,0.9365781794415978,0.08154239337569173,0.5661188792960234,0.2515854738789717,0.5661188792960234,0.09154448631626627,-0.020177540022808277,0.9988808951529313,0.9680374620135166,7.2174750670236545e-06,0.008544480116739748,-4.065282909398528,-1.537208481671926,0.9262253688822808
SEVIR_Storm,LL,141,0.8590479627206455,0.10768817363622041,0.6111963434980016,0.17727330151105664,0.6111963434980016,0.0802611170674054,0.4755700949563104,0.9942006396690639,0.9584293246971138,0.00016663365315874745,0.0042299218498306895,-3.041390146348244,-1.9194490134595847,0.9920325438490074
SEVIR_Storm,LH,141,-0.12486076838277584,0.13435433428061447,-0.0035281172977363533,0.10263866940573453,-0.003528117297736354,0.06852417187834234,0.6099961489394106,0.10950321912597526,0.23310572790032416,0.33694537939932395,0.25712933726282655,0.8297992575746377,0.10439180408626557,0.32540485741607494
SEVIR_Storm,HL,141,-0.13981321155001294,0.13969154930643388,-0.024006312731071386,0.09013813553681173,-0.024006312731071386,0.06201383989033175,0.6357616042827883,0.10985579223601498,0.20448095787221346,0.36472654353026157,0.2736794534162606,0.9361493039244415,0.1895356747447244,0.49055425164792316
SEVIR_Storm,HH,141,-0.46194657551422647,0.14420007947752642,-0.09831291005772999,0.16125019223096773,-0.09831291005772999,0.13214341086823433,-0.7623261305022159,0.03144794727978928,0.1800281242411777,0.7579742139239299,0.3720696778077313,1.4061935562000363,0.4101867427775182,0.8112338833220457
