dataset,freq_low,freq_high,CSI-M,CSI-35,CSI-40,CSI-pool-4x4,CSI-pool-16x16,HSS,MSE,MAE,RMSE,PSNR,SSIM,CRPS,LPIPS,source_file
shanghai,1.09,0.14,0.4359387592306744,0.3990863260975442,0.27783341919783966,0.4997311709154327,0.5649924960681132,0.5782912337585632,29.639791,1.7143438,5.042472,25.766231933937387,0.8121104092006408,0.01904826339023282,0.23251255,Exps/gabor_exp_shanghai/amplinet_latent_falfcl_only_2_3_13_2_AFNO2D_relu_convparallelwaveletafnogabor_final_shanghai_lr_latent_32_Shanghai_flow1.09_fhigh0.14/logs/log.log
shanghai,1.09,0.42,0.43351056942905236,0.396498330388624,0.2744508227917124,0.49654049711150505,0.5568747983631336,0.5757833403937964,29.76209,1.7225521,5.050656,25.751205950194514,0.811246076042966,0.01913947233827936,0.23524609,Exps/gabor_exp_shanghai/amplinet_latent_falfcl_only_2_3_13_2_AFNO2D_relu_convparallelwaveletafnogabor_final_shanghai_lr_latent_32_Shanghai_flow1.09_fhigh0.42/logs/log.log
shanghai,1.09,1.13,0.4347281364314717,0.3977187990207625,0.275816174641898,0.49690781424828595,0.5574514219793802,0.5770634509441995,29.160376,1.6982892,5.007509,25.808912805371897,0.8126389073126576,0.018869875497079903,0.23329613,Exps/gabor_exp_shanghai/amplinet_latent_falfcl_only_2_3_13_2_AFNO2D_relu_convparallelwaveletafnogabor_final_shanghai_lr_latent_32_Shanghai_flow1.09_fhigh1.13/logs/log.log
shanghai,1.09,2.25,0.43295965656084967,0.39501435759259756,0.27299313658855795,0.5017319875050738,0.5685930925565938,0.5751276037286697,30.249691,1.741675,5.099989,25.64948716420514,0.8113812052556051,0.019351941897052326,0.23773429,Exps/gabor_exp_shanghai/amplinet_latent_falfcl_only_2_3_13_2_AFNO2D_relu_convparallelwaveletafnogabor_final_shanghai_lr_latent_32_Shanghai_flow1.09_fhigh2.25/logs/log.log
shanghai,1.09,4.43,0.43128614677376875,0.39419131652306094,0.271827410781584,0.49531617480789536,0.5569413478005693,0.5732971335379261,30.03033,1.727586,5.076457,25.70220354415141,0.8117748609276928,0.019195397934509077,0.23720793,Exps/gabor_exp_shanghai/amplinet_latent_falfcl_only_2_3_13_2_AFNO2D_relu_convparallelwaveletafnogabor_final_shanghai_lr_latent_32_Shanghai_flow1.09_fhigh4.43/logs/log.log
shanghai,3.28,0.14,0.43413843975628186,0.39775153136109065,0.2758921000846192,0.49489831311102894,0.5540795756652993,0.5765689868544582,29.46867,1.7083862,5.030094,25.781278544808508,0.8119162211539953,0.018982069710468032,0.23600242,Exps/gabor_exp_shanghai/amplinet_latent_falfcl_only_2_3_13_2_AFNO2D_relu_convparallelwaveletafnogabor_final_shanghai_lr_latent_32_Shanghai_flow3.28_fhigh0.14/logs/log.log
shanghai,3.28,0.42,0.43418552997205856,0.39721194293076845,0.2743840796425497,0.4991287552488899,0.5624287623415121,0.5763703545059006,29.947483,1.7278244,5.064482,25.728722633370417,0.8115963546232614,0.019198049192592086,0.23527727,Exps/gabor_exp_shanghai/amplinet_latent_falfcl_only_2_3_13_2_AFNO2D_relu_convparallelwaveletafnogabor_final_shanghai_lr_latent_32_Shanghai_flow3.28_fhigh0.42/logs/log.log
shanghai,3.28,1.13,0.4338916661811467,0.3965449234114094,0.27358648772137484,0.5000446406898172,0.5638933230830973,0.5761645758369593,29.895987,1.7268251,5.067105,25.71391069757845,0.8119175425871029,0.019186947028337384,0.23707756,Exps/gabor_exp_shanghai/amplinet_latent_falfcl_only_2_3_13_2_AFNO2D_relu_convparallelwaveletafnogabor_final_shanghai_lr_latent_32_Shanghai_flow3.28_fhigh1.13/logs/log.log
shanghai,3.28,2.25,0.4310501910260104,0.3928339860759382,0.27150995107305415,0.5012048367388093,0.5685373794214303,0.5731909135758424,30.518326,1.7530283,5.1229916,25.609984526995806,0.8107044986665912,0.01947809052839085,0.23851971,Exps/gabor_exp_shanghai/amplinet_latent_falfcl_only_2_3_13_2_AFNO2D_relu_convparallelwaveletafnogabor_final_shanghai_lr_latent_32_Shanghai_flow3.28_fhigh2.25/logs/log.log
shanghai,3.28,4.43,0.43056112669119506,0.39206584703211583,0.26922083814717496,0.5047499659641996,0.5755004717703953,0.5723043164047565,31.303701,1.785614,5.1781173,25.533022120368955,0.809947106365758,0.01984015843184576,0.23731919,Exps/gabor_exp_shanghai/amplinet_latent_falfcl_only_2_3_13_2_AFNO2D_relu_convparallelwaveletafnogabor_final_shanghai_lr_latent_32_Shanghai_flow3.28_fhigh4.43/logs/log.log
shanghai,8.74,0.42,0.43121741138766706,0.3941896371337262,0.2724212236312657,0.4879281137547793,0.5393222458784367,0.5735305155869557,29.186047,1.6854883,5.0045156,25.832486143307783,0.8135977509672404,0.018727647926857837,0.23660381,Exps/gabor_exp_shanghai/amplinet_latent_falfcl_only_2_3_13_2_AFNO2D_relu_convparallelwaveletafnogabor_final_shanghai_lr_latent_32_Shanghai_flow8.74_fhigh0.42/logs/log.log
shanghai,8.74,1.13,0.43354076351223125,0.3966979809415669,0.27499432555409514,0.49306223879246824,0.5514230406449159,0.5759027451812841,29.213978,1.6933336,5.0073147,25.825048505475394,0.8125546192896191,0.01881481835879036,0.23316786,Exps/gabor_exp_shanghai/amplinet_latent_falfcl_only_2_3_13_2_AFNO2D_relu_convparallelwaveletafnogabor_final_shanghai_lr_latent_32_Shanghai_flow8.74_fhigh1.13/logs/log.log
shanghai,8.74,2.25,0.4322334214325448,0.39483486103247484,0.27227691749236316,0.49795929910043946,0.5616293398157548,0.5744669667274455,30.016907,1.7289932,5.0788484,25.6910264240528,0.8116259975163004,0.019211037858033263,0.23735854,Exps/gabor_exp_shanghai/amplinet_latent_falfcl_only_2_3_13_2_AFNO2D_relu_convparallelwaveletafnogabor_final_shanghai_lr_latent_32_Shanghai_flow8.74_fhigh2.25/logs/log.log
shanghai,8.74,4.43,0.42824602642026344,0.3892130067997474,0.2654215073477094,0.4998380494951669,0.5672840840474462,0.5698635338271995,31.22578,1.7726349,5.161113,25.578537480117525,0.8110515413823365,0.019695945041730577,0.23791285,Exps/gabor_exp_shanghai/amplinet_latent_falfcl_only_2_3_13_2_AFNO2D_relu_convparallelwaveletafnogabor_final_shanghai_lr_latent_32_Shanghai_flow8.74_fhigh4.43/logs/log.log
shanghai,17.49,0.14,0.43282942095833,0.39530270900308156,0.2744399683256623,0.4932329555273592,0.5520149747498081,0.5750132511438316,29.28747,1.6973234,5.014598,25.812524508030304,0.8126095886264322,0.018859151968769295,0.2333974,Exps/gabor_exp_shanghai/amplinet_latent_falfcl_only_2_3_13_2_AFNO2D_relu_convparallelwaveletafnogabor_final_shanghai_lr_latent_32_Shanghai_flow17.49_fhigh0.14/logs/log.log
shanghai,17.49,0.42,0.4341248219153358,0.39692606624386684,0.275126782981255,0.49589848407803677,0.5562484156758766,0.5763762519371569,29.401236,1.7045183,5.0227747,25.79971400022414,0.8124980250098378,0.018939095441051584,0.23332644,Exps/gabor_exp_shanghai/amplinet_latent_falfcl_only_2_3_13_2_AFNO2D_relu_convparallelwaveletafnogabor_final_shanghai_lr_latent_32_Shanghai_flow17.49_fhigh0.42/logs/log.log
shanghai,17.49,1.13,0.43387281138456174,0.39729128581528234,0.27618811124929366,0.49307160228964303,0.5508520341922672,0.5760994518585265,29.271454,1.6953503,5.010833,25.823134991653937,0.8122931801129072,0.018837224487350854,0.23279119,Exps/gabor_exp_shanghai/amplinet_latent_falfcl_only_2_3_13_2_AFNO2D_relu_convparallelwaveletafnogabor_final_shanghai_lr_latent_32_Shanghai_flow17.49_fhigh1.13/logs/log.log
shanghai,17.49,2.25,0.43221519795337227,0.3950521029492789,0.2733527411985432,0.4922692484917507,0.5510986043488773,0.5745359035443981,29.223408,1.6943312,5.014293,25.800056913346726,0.8129949823843405,0.018825903456430093,0.23667207,Exps/gabor_exp_shanghai/amplinet_latent_falfcl_only_2_3_13_2_AFNO2D_relu_convparallelwaveletafnogabor_final_shanghai_lr_latent_32_Shanghai_flow17.49_fhigh2.25/logs/log.log
shanghai,17.49,4.43,0.4293444423668111,0.39163795987811306,0.2703923064619657,0.4982705557397632,0.562651049482775,0.5713266792645506,30.93303,1.7676287,5.1514072,25.57581837078486,0.8096744576783182,0.019640318923299517,0.23864496,Exps/gabor_exp_shanghai/amplinet_latent_falfcl_only_2_3_13_2_AFNO2D_relu_convparallelwaveletafnogabor_final_shanghai_lr_latent_32_Shanghai_flow17.49_fhigh4.43/logs/log.log
shanghai,34.33,0.14,0.43379174373624985,0.3969856570988322,0.2760065648950429,0.49472048949164277,0.5567785817334274,0.5760595647899757,29.369486,1.706077,5.0245523,25.78814354241721,0.8118274991265393,0.018956408942472337,0.23206933,Exps/gabor_exp_shanghai/amplinet_latent_falfcl_only_2_3_13_2_AFNO2D_relu_convparallelwaveletafnogabor_final_shanghai_lr_latent_32_Shanghai_flow34.33_fhigh0.14/logs/log.log
shanghai,34.33,0.42,0.43213881877718396,0.3951932364680375,0.2725006737745014,0.49180794091931995,0.5498427511689034,0.5745659867317399,29.2807,1.690781,5.0149055,25.804396863302266,0.8138477854431677,0.018786456046733027,0.23517403,Exps/gabor_exp_shanghai/amplinet_latent_falfcl_only_2_3_13_2_AFNO2D_relu_convparallelwaveletafnogabor_final_shanghai_lr_latent_32_Shanghai_flow34.33_fhigh0.42/logs/log.log
shanghai,34.33,1.13,0.4326276892824801,0.3955929229730248,0.274079555584655,0.49087289558276215,0.54968970619625,0.5749377594818721,29.049313,1.678881,5.0013633,25.82056170769213,0.8142097510119501,0.01865423343922979,0.23328546,Exps/gabor_exp_shanghai/amplinet_latent_falfcl_only_2_3_13_2_AFNO2D_relu_convparallelwaveletafnogabor_final_shanghai_lr_latent_32_Shanghai_flow34.33_fhigh1.13/logs/log.log
shanghai,34.33,2.25,0.4295029424530268,0.39098928769777064,0.2692591517714434,0.49832813694797556,0.5641401589098223,0.5714492487629963,30.670807,1.7597611,5.1320486,25.598020594363156,0.8101095366905675,0.019552901894812246,0.23764706,Exps/gabor_exp_shanghai/amplinet_latent_falfcl_only_2_3_13_2_AFNO2D_relu_convparallelwaveletafnogabor_final_shanghai_lr_latent_32_Shanghai_flow34.33_fhigh2.25/logs/log.log
shanghai,34.33,4.43,0.43130548412531844,0.394631030222652,0.2739047149809864,0.49065275166258326,0.5495243844266848,0.5734667763266583,29.50896,1.7078146,5.03506,25.76825224053518,0.8115671715772443,0.018975720401298614,0.23520069,Exps/gabor_exp_shanghai/amplinet_latent_falfcl_only_2_3_13_2_AFNO2D_relu_convparallelwaveletafnogabor_final_shanghai_lr_latent_32_Shanghai_flow34.33_fhigh4.43/logs/log.log
