dataset,freq_low,freq_high,CSI-M,CSI-24,CSI-32,CSI-pool-4x4,CSI-pool-16x16,HSS,MSE,MAE,RMSE,PSNR,SSIM,CRPS,LPIPS,source_file
meteonet,1.09,0.14,0.4058341673094939,0.3959576150054688,0.21948340306908895,0.48684211877060335,0.6081209920064793,0.545669643155025,11.750859,1.1092374,3.1819124,29.75978686986055,0.838336593686912,0.01232485977205027,0.1525493,Exps/gabor_exp_meteo/amplinet_latent_falfcl_only_2_3_13_2_AFNO2D_relu_convparallelwaveletafnogabor_expgabor_final_meteo_lr_latent_32_Meteonet_flow1.09_fhigh0.14/logs/log.log
meteonet,1.09,0.42,0.3993364942068397,0.38699851830196363,0.2110190728239844,0.4743391904446183,0.5893300274378933,0.5370795477025139,11.466266,1.0936257,3.139867,29.886938552860197,0.8389042146453842,0.012151394820157419,0.15360317,Exps/gabor_exp_meteo/amplinet_latent_falfcl_only_2_3_13_2_AFNO2D_relu_convparallelwaveletafnogabor_expgabor_final_meteo_lr_latent_32_Meteonet_flow1.09_fhigh0.42/logs/log.log
meteonet,1.09,1.12,0.40396590949921257,0.3941035529372601,0.21772119702757067,0.4837533443574271,0.6037026641027522,0.5434542950604572,11.65554,1.1034095,3.1704125,29.78215625392341,0.8385121973737089,0.01226010812008613,0.15181486,Exps/gabor_exp_meteo/amplinet_latent_falfcl_only_2_3_13_2_AFNO2D_relu_convparallelwaveletafnogabor_expgabor_final_meteo_lr_latent_32_Meteonet_flow1.09_fhigh1.12/logs/log.log
meteonet,1.09,2.25,0.4031570312126716,0.39087954404991965,0.21725007192895002,0.48219911583040176,0.6039684540131739,0.5421465343438401,11.642591,1.1085305,3.168276,29.793570425276744,0.8375664353901096,0.012317004655636538,0.15205517,Exps/gabor_exp_meteo/amplinet_latent_falfcl_only_2_3_13_2_AFNO2D_relu_convparallelwaveletafnogabor_expgabor_final_meteo_lr_latent_32_Meteonet_flow1.09_fhigh2.25/logs/log.log
meteonet,1.09,4.41,0.41135177501677206,0.4026771560881718,0.22603318749280973,0.48867619137508933,0.6058335992460071,0.5517792386503612,11.723536,1.1046065,3.168553,29.829246256650976,0.8392155160527454,0.012273406544212563,0.15439907,Exps/gabor_exp_meteo/amplinet_latent_falfcl_only_2_3_13_2_AFNO2D_relu_convparallelwaveletafnogabor_expgabor_final_meteo_lr_latent_32_Meteonet_flow1.09_fhigh4.41/logs/log.log
meteonet,3.28,0.14,0.4042984639333528,0.3931254284478295,0.21541103588362046,0.4825957671448651,0.5992525127314543,0.5429564314080684,11.549317,1.0994208,3.1544857,29.834219965165385,0.8391097330960229,0.012215785012998154,0.1529859,Exps/gabor_exp_meteo/amplinet_latent_falfcl_only_2_3_13_2_AFNO2D_relu_convparallelwaveletafnogabor_expgabor_final_meteo_lr_latent_32_Meteonet_flow3.28_fhigh0.14/logs/log.log
meteonet,3.28,0.42,0.40621992747554697,0.3961438402869958,0.21952279601922445,0.4849622820224195,0.6013549553752869,0.5459985497323141,11.585391,1.0967741,3.1582363,29.82901325870596,0.8394758618891103,0.012186381570559315,0.15353453,Exps/gabor_exp_meteo/amplinet_latent_falfcl_only_2_3_13_2_AFNO2D_relu_convparallelwaveletafnogabor_expgabor_final_meteo_lr_latent_32_Meteonet_flow3.28_fhigh0.42/logs/log.log
meteonet,3.28,1.12,0.40400028872330446,0.39302313843255765,0.21687052762439957,0.47934682863698397,0.5966847003679178,0.5426996253185961,11.5353565,1.0964595,3.1487744,29.86368772863428,0.8385998969468151,0.012182881238116974,0.15245634,Exps/gabor_exp_meteo/amplinet_latent_falfcl_only_2_3_13_2_AFNO2D_relu_convparallelwaveletafnogabor_expgabor_final_meteo_lr_latent_32_Meteonet_flow3.28_fhigh1.12/logs/log.log
meteonet,3.28,2.25,0.39449287274337314,0.3819703342720374,0.19874333677649533,0.4449672365081914,0.4979205406242294,0.5335891469972879,11.209888,1.0847061,3.1009164,30.004335505166488,0.8400331994949722,0.012052289627608511,0.20162061,Exps/gabor_exp_meteo/amplinet_latent_falfcl_only_2_3_13_2_AFNO2D_relu_convparallelwaveletafnogabor_expgabor_final_meteo_lr_latent_32_Meteonet_flow3.28_fhigh2.25/logs/log.log
meteonet,3.28,4.41,0.40837006717686336,0.39839959600655556,0.22194884994880568,0.486437010360328,0.6054408384847164,0.5478929716064206,11.70332,1.1057154,3.166162,29.83661447603123,0.838971295923783,0.012285727326659869,0.15328251,Exps/gabor_exp_meteo/amplinet_latent_falfcl_only_2_3_13_2_AFNO2D_relu_convparallelwaveletafnogabor_expgabor_final_meteo_lr_latent_32_Meteonet_flow3.28_fhigh4.41/logs/log.log
meteonet,8.74,0.14,0.4066212502026276,0.3970486237527308,0.21800661166510055,0.48831073221970556,0.6108142899839536,0.5461543428242576,11.814733,1.1125567,3.183433,29.780810297017588,0.8384191050303788,0.012361742847197946,0.15225731,Exps/gabor_exp_meteo/amplinet_latent_falfcl_only_2_3_13_2_AFNO2D_relu_convparallelwaveletafnogabor_expgabor_final_meteo_lr_latent_32_Meteonet_flow8.74_fhigh0.14/logs/log.log
meteonet,8.74,0.42,0.40780233505347774,0.3998725202306201,0.21922430532957277,0.4888117535603711,0.6118276036750291,0.547707432378735,11.854455,1.1081965,3.1889129,29.762345001674085,0.8389884563477047,0.012313294552321906,0.15236647,Exps/gabor_exp_meteo/amplinet_latent_falfcl_only_2_3_13_2_AFNO2D_relu_convparallelwaveletafnogabor_expgabor_final_meteo_lr_latent_32_Meteonet_flow8.74_fhigh0.42/logs/log.log
meteonet,8.74,1.12,0.40659757772945737,0.3965440232532887,0.2196408531719331,0.4845698212114175,0.6018425794714453,0.5460789906926208,11.62496,1.1014231,3.1605392,29.832961460271953,0.8387215930202018,0.012238034477556916,0.15357903,Exps/gabor_exp_meteo/amplinet_latent_falfcl_only_2_3_13_2_AFNO2D_relu_convparallelwaveletafnogabor_expgabor_final_meteo_lr_latent_32_Meteonet_flow8.74_fhigh1.12/logs/log.log
meteonet,8.74,2.25,0.40798898254232396,0.3983958467021815,0.22099207088519984,0.49076569193813785,0.6143574735240362,0.5479782413272061,11.879977,1.1201704,3.2007694,29.703525665714096,0.8376089947546339,0.012446338621474179,0.15284678,Exps/gabor_exp_meteo/amplinet_latent_falfcl_only_2_3_13_2_AFNO2D_relu_convparallelwaveletafnogabor_expgabor_final_meteo_lr_latent_32_Meteonet_flow8.74_fhigh2.25/logs/log.log
meteonet,8.74,4.41,0.40697760500989455,0.396519139970397,0.21950788682299244,0.48442814053779215,0.6017929518659033,0.546506399921552,11.614537,1.1039941,3.1600647,29.830517777215846,0.8385690137098274,0.012266600785833123,0.152959,Exps/gabor_exp_meteo/amplinet_latent_falfcl_only_2_3_13_2_AFNO2D_relu_convparallelwaveletafnogabor_expgabor_final_meteo_lr_latent_32_Meteonet_flow8.74_fhigh4.41/logs/log.log
meteonet,17.49,0.14,0.40871651562176486,0.4004977736158796,0.22042445020581874,0.4904188758350641,0.6110306364032695,0.5489356470647572,11.883944,1.1102641,3.1937733,29.743728220777474,0.8390031270540261,0.012336267091109649,0.15255633,Exps/gabor_exp_meteo/amplinet_latent_falfcl_only_2_3_13_2_AFNO2D_relu_convparallelwaveletafnogabor_expgabor_final_meteo_lr_latent_32_Meteonet_flow17.49_fhigh0.14/logs/log.log
meteonet,17.49,0.42,0.4050392260664998,0.3941837393433526,0.21462869185605576,0.48450360208978827,0.6023691224457917,0.5439898712911098,11.601713,1.1070147,3.1614196,29.8160645010339,0.8385170264591899,0.012300162745762054,0.15277669,Exps/gabor_exp_meteo/amplinet_latent_falfcl_only_2_3_13_2_AFNO2D_relu_convparallelwaveletafnogabor_expgabor_final_meteo_lr_latent_32_Meteonet_flow17.49_fhigh0.42/logs/log.log
meteonet,17.49,1.12,0.40815484283046816,0.39929649156025976,0.2193129646705302,0.49237471118467924,0.6154015237911059,0.5481519568892551,11.926521,1.1178771,3.2059789,29.691853571544307,0.8385335586496012,0.012420856314398088,0.15247771,Exps/gabor_exp_meteo/amplinet_latent_falfcl_only_2_3_13_2_AFNO2D_relu_convparallelwaveletafnogabor_expgabor_final_meteo_lr_latent_32_Meteonet_flow17.49_fhigh1.12/logs/log.log
meteonet,17.49,2.25,0.40912832786714604,0.3999498960911319,0.221093911167972,0.49278236538614206,0.6158152255781332,0.5494055881409834,11.939186,1.1253164,3.2068381,29.691905664099494,0.837781249292451,0.012503518008181771,0.15383932,Exps/gabor_exp_meteo/amplinet_latent_falfcl_only_2_3_13_2_AFNO2D_relu_convparallelwaveletafnogabor_expgabor_final_meteo_lr_latent_32_Meteonet_flow17.49_fhigh2.25/logs/log.log
meteonet,17.49,4.41,0.4056381993875376,0.39525540771015905,0.21725005335430375,0.4806134011294343,0.5945927735095645,0.5447842443952301,11.590625,1.1042333,3.1526692,29.86271534946322,0.8386868122910258,0.012269259553808275,0.15275668,Exps/gabor_exp_meteo/amplinet_latent_falfcl_only_2_3_13_2_AFNO2D_relu_convparallelwaveletafnogabor_expgabor_final_meteo_lr_latent_32_Meteonet_flow17.49_fhigh4.41/logs/log.log
meteonet,34.34,0.14,0.40588648666258426,0.39667354536091015,0.21574264458208936,0.4860083831378159,0.6066877338202675,0.5451997261336963,11.731534,1.1070478,3.17463,29.791931236240686,0.8389131144190103,0.012300531032265038,0.15220037,Exps/gabor_exp_meteo/amplinet_latent_falfcl_only_2_3_13_2_AFNO2D_relu_convparallelwaveletafnogabor_expgabor_final_meteo_lr_latent_32_Meteonet_flow34.34_fhigh0.14/logs/log.log
meteonet,34.34,0.42,0.4053443629646904,0.39516877040055987,0.21839166848026154,0.4806447292433327,0.5959805009189355,0.5444837086519163,11.531192,1.0917952,3.143618,29.891985606998833,0.839230327423091,0.012131055438463604,0.15221187,Exps/gabor_exp_meteo/amplinet_latent_falfcl_only_2_3_13_2_AFNO2D_relu_convparallelwaveletafnogabor_expgabor_final_meteo_lr_latent_32_Meteonet_flow34.34_fhigh0.42/logs/log.log
meteonet,34.34,1.12,0.4057505574762334,0.39526781562327024,0.22083237208471534,0.48559073261128693,0.606838533288681,0.5453369330278355,11.605707,1.0969464,3.162873,29.808772485944367,0.8391426608658362,0.012188293741759136,0.15240383,Exps/gabor_exp_meteo/amplinet_latent_falfcl_only_2_3_13_2_AFNO2D_relu_convparallelwaveletafnogabor_expgabor_final_meteo_lr_latent_32_Meteonet_flow34.34_fhigh1.12/logs/log.log
meteonet,34.34,2.25,0.40830407600967045,0.39911611683515036,0.22000266304091812,0.4896264587247104,0.6101446054973652,0.5479764033747331,11.856066,1.118192,3.189875,29.75370414801219,0.8381561089391306,0.012424355188634478,0.15285185,Exps/gabor_exp_meteo/amplinet_latent_falfcl_only_2_3_13_2_AFNO2D_relu_convparallelwaveletafnogabor_expgabor_final_meteo_lr_latent_32_Meteonet_flow34.34_fhigh2.25/logs/log.log
meteonet,34.34,4.41,0.4070399586773624,0.39703666423528283,0.2210203117118254,0.4850915830735636,0.606042524566998,0.5466372116146937,11.742427,1.1046058,3.1696594,29.828504287484,0.8388176495498791,0.012273396675870773,0.15269236,Exps/gabor_exp_meteo/amplinet_latent_falfcl_only_2_3_13_2_AFNO2D_relu_convparallelwaveletafnogabor_expgabor_final_meteo_lr_latent_32_Meteonet_flow34.34_fhigh4.41/logs/log.log
